iter,train_loss,val_loss,lr
0,4.240476608276367,4.235622882843018,9.900990099009901e-06
250,2.3837082386016846,2.391528606414795,0.0009862301196726987
500,2.1395211219787598,2.1755876541137695,0.0009051132292283772
750,2.0061240196228027,2.0758588314056396,0.0007641763268666832
1000,1.883337378501892,1.9895813465118408,0.0005871607054625496
1250,1.8078120946884155,1.9318413734436035,0.00040388523885789244
1500,1.7501983642578125,1.8897247314453125,0.0002452232927684166
1750,1.7105897665023804,1.8724511861801147,0.00013790200300522413
2000,1.6930115222930908,1.8523967266082764,0.0001
