iter,train_loss,val_loss,lr
0,4.170355319976807,4.16703987121582,9.900990099009901e-06
250,2.4628427028656006,2.465458869934082,0.0009862301196726987
500,2.3478384017944336,2.350212812423706,0.0009051132292283772
750,2.237740993499756,2.2592575550079346,0.0007641763268666832
1000,2.1572883129119873,2.180655002593994,0.0005871607054625496
1250,2.1009621620178223,2.144341230392456,0.00040388523885789244
1500,2.0453989505767822,2.092299461364746,0.0002452232927684166
1750,2.020968198776245,2.069540023803711,0.00013790200300522413
2000,1.996793270111084,2.057260274887085,0.0001
