iter,train_loss,val_loss,lr
0,4.169894218444824,4.1653666496276855,9.900990099009901e-06
250,2.511080026626587,2.5079450607299805,0.0009862301196726987
500,2.3992714881896973,2.408973455429077,0.0009051132292283772
750,2.294144630432129,2.3018386363983154,0.0007641763268666832
1000,2.2135770320892334,2.2185003757476807,0.0005871607054625496
1250,2.1186330318450928,2.157135009765625,0.00040388523885789244
1500,2.0665829181671143,2.1167714595794678,0.0002452232927684166
1750,2.045727252960205,2.0932295322418213,0.00013790200300522413
2000,2.0205721855163574,2.0654447078704834,0.0001
